topic	title	author	difficulty	rating	version	votes	keywords
13817	At the Gallows	Stareye	Very High	R		7,9,1,0,0	Avernum Universe, Epic
13970	On a Ship to Algiers	Alcritas	Low	PG-13		0,15,2,0,0	First in Series, Short Scenario
13895	The Forsaken	Drizzt	High	PG		2,10,2,0,0	Exile Universe, First in Series
19376	Demon Island	Phillip Yancey				0,0,0,0,0
14108	The Magnificent Six	Leon Lin	Low	PG		0,0,9,4,0
13926	The Nature of Evil	Measle	High	PG		1,7,2,0,0	Humor Scenario, Linear
19427	War of Exile	David O'Brien				0,0,0,0,0
19429	The Lost Tunnels, Part I	Count Jagan				0,0,0,0,0
19428	The Expedition	Lt. Sullust				0,0,0,0,0
19411	Oreh's Legacy	Joel O'Brien				0,0,0,0,0
19410	Liberation	Glynn Reaper				0,0,0,0,0
19404	The Killing Cave	ADoS				0,0,0,0,0
19405	War Preparations	Milu				0,0,0,0,0
19403	Terror from the Park	ADoS				0,0,0,0,0
19402	The Adventurer's Club 3: Retribution.	Shyguy				0,0,0,0,0
19401	tehGRICH!!!	Terrors Martyr				0,0,0,0,0
19400	New Market City (Utility)	Milu				0,0,0,0,0	Humor Scenario, Short Scenario
19399	Zero Point*	ZeroPointEnergy				0,0,0,0,0
19398	The Cherth Campaign	Mistb0rn				0,0,0,0,0
19397	Portal (Utility)	Bain Ihrno				0,0,0,0,0
19396	Quest for the Gems	Gregory				0,0,0,0,0
19395	Attack of the Black Mark Cabbages	iambobsushi				0,0,0,0,0
19385	The Seventh Plague	Exile Master				0,0,0,0,0
19384	Mortishire	Gill Whitehurst				0,0,0,0,0
19383	Savior's Day	John "sycher" Battye				0,0,0,0,0
19382	Lords of Arkon	elf of the forest				0,0,0,0,0
19381	The Great War	lost_king				0,0,0,0,0
19378	HammerKeep	Aaron Kay				0,0,0,0,0
14491	Pilgrimage to Thrakos	W-Dueck	Low	G		0,1,2,1,0	Linear
19377	Wolf in the Fold	Paterick				0,0,0,0,0
14083	The Foolish Giant	Desert Plah	Low	PG		0,1,3,0,0	First Scenario, Small Scenario
19375	The Town of Sifeloth	Kattana				0,0,0,0,0
19374	The Green and Good Tavern	Kattana				0,0,0,0,0
19373	Avalon	Clara Kim				0,0,0,0,0
19372	Sir Psycho Sexy	Alex				0,0,0,0,0
19371	The Fifth Tower of Magi (Utility)	Bain Ihrno				0,0,0,0,0
19370	Echoes	Terrors Martyr (TM )				0,0,0,0,0
19369	Revenge of Thinshadow	David Blackrose				0,0,0,0,0
19368	Kalloskagathos	Alcritas				0,0,0,0,0
19367	Destiny of the Spheres	Brett Bixler				0,0,0,0,0
15115	The Crusaders	Bain-Ihrno	Very High	R	1.0.0	0,0,1,0,0	Combat Heavy, Custom Graphic Overhaul, Linear, Pre-Fab Party
14602	Valley of Dying Things	Jeff Vogel	Low	G		0,0,0,0,0	Prepackaged Scenario
14603	The Za-Khazi Run	Jeff Vogel	High	G		0,0,0,0,0	Linear, Prepackaged Scenario
14249	The Big Combat	S.M. Adventurer	Very High	G		0,0,0,1,5
14248	Goblin Attacks	S.M. Adventurer	High	PG		0,0,0,4,3
14247	Quest for the Orbs	S.M. Adventurer	Medium	PG		0,0,0,5,0
14246	The Icy Tunnels	S.M. Adventurer	High	PG		0,0,1,7,0	Exile Universe
14245	The Dark Side of the Moon	S.M. Adventurer	High	PG		0,0,2,0,0	Custom Graphic Overhaul
13758	Of Good and Evil	Alcritas	High	PG-13	1.0.3	4,15,1,0,0	Alcritas Scenario, Plot Fork, Second in Series
14105	Johnny Favourite	Measle	Low	R		0,9,6,7,1	Mature Scenario, Story Only Scenario
14107	To the Quick	Lew Titterton	Low	R		0,1,6,1,0
14106	The Lost Tunnels: Part II			PG		0,0,0,0,0	Combat Heavy, Linear
14073	Echoes: Black Horse	Terror's Martyr	Very High	PG		0,3,4,0,0	Combat Heavy, Small Scenario
14082	Wreck of the Slug	Tony Wildson/Sue Harris	Very High	G		0,6,5,5,0	Epic, Exile Universe
14084	Demon Island II	Ross Yancey	Very High	PG		0,1,3,1,0	Combat Heavy
14074	Justice	Akhronath	Low	PG		0,2,8,0,0	Small Scenario
14075	Prelude to an Island's Song	Janet Cone	Medium	PG		0,1,3,0,0	Small Scenario
14072	Dirty Gold	Ryan Phelps	Low	R		0,0,4,1,0	Pre-Fab Party, Puzzle Scenario, Small Scenario
14061	Lamentations	Alcritas	High	PG-13		0,4,7,0,0	Seventh in Series, Small Scenario
14062	The Nephils' Defense	Bain-Ihrno	Low	PG		0,1,6,0,0	Custom Graphics Overhaul, Pre-Fab Party, Small Scenario
14057	Treacherous Waters	Declan Walsh	Low	G		0,4,8,1,0	Small Scenario
14056	Destiny	Robert Ashton	Low	PG		0,2,3,1,0
14055	Aftershocks	Maatthew Meek	High	PG		0,2,7,0,0	Exile Universe
14054	Under the God's Hand	Alex Jackson	Medium	PG		0,0,6,1,0
14046	Pyramids	Juliet Rowley	High	PG		0,6,5,0,0	Combat Heavy, Custom Graphic Overhaul, Small Scenario
14048	The Orb of Hayune	Juliet Rowley	Medium	PG		0,2,3,0,0
14045	River and Leaf	Akhronath	High	PG		0,2,4,0,0	Large Scenario
14047	The Draining	Flamefiend	Medium	PG		0,1,3,0,0
14028	Eye for an Eye	The Avatar	High	PG		0,3,4,0,0	Exile Universe, Large Scenario
14024	Northern Kingdom 0: Prologue	Kelandon	Low	G		0,4,8,1,0	Linear, Small Scenario
14026	A Band of Wanderers	Eseme	Low	G		0,2,4,1,0	Small Scenario
14025	The Lost Expedition	Brett Bixler	High	PG		0,2,5,1,0	Combat Heavy, Town Only
14023	Riddle of the Spheres	Brett Bixler	Low	G		0,8,8,3,0	Large Scenario
14012	Changing Faces	Ryan Phelps	Low	PG		0,3,1,1,0	Large Scenario
14008	Bandits	Terror's Martyr	Low	G		0,8,3,2,0	Short Scenario
14010	Earthward Road	Akhronath	Low	PG		1,7,5,0,0	Linear, Short Scenario
14009	The Isle of Boredom	The Creator	High	PG		0,3,4,0,0	Custom Graphics Overhaul, Large Scenario
14011	100 Evil Sliths	Bain-Ihrno	High	PG		0,2,1,0,0	Humor Scenario, Short Scenario
13990	Lost Hope	Monsoma	Medium	PG		0,4,3,0,0
13989	The Duke of Rahaxy	Jearwolf	Medium	PG		0,4,0,0,0
13991	A Gathering Storm	Janet Cone	High	R		0,5,4,0,0	Large Scenario
13992	Doom Moon	Andres Gonzales	Medium	PG		0,6,3,0,0	Combat Heavy
13982	The Leaving	Milu K	Medium	PG		0,5,1,1,0	Exile Universe
13983	Trouble in Mendor	Ben Frank	Low	PG		1,7,5,0,0	Town Only
13980	Corporeus	Terror's Martyr	Low	G		0,10,6,1,0	Pre-Fab Party, Short Scenario
13981	Two Strands	Terror's Martyr	Low	G		1,7,4,1,0	Custom Graphic Overhaul, Short Scenario
13972	Zankozzie's Big Mistake	Ryan Phelps	Low	PG		0,8,5,0,0	Custom Graphic Overhaul, First in Series, Pre-Fab Party
13971	Demon	Khoth	High	PG		0,5,1,0,0	Humor Scenario, Short Scenario
13973	Islands of the Wheel	Tarl Kudrick	High	PG		0,12,3,1,0	Open Ended
13955	The Hut of Baba Yaga	Brett Bixler	High	PG		0,8,1,0,0	Based on Story, Open Ended, Short Scenario
13957	Echoes: Assault	Terror's Martyr	High	PG		0,10,4,0,0	Combat Heavy, Linear, Pre-Fab Party, Second in Series, Short Scenario
13954	The Fog	Ben Frank	Low	G		0,9,2,0,0	Based on Story, Short Scenario
13956	Amazonian Saga	Haneda Yoshiyoki	High	PG		1,11,6,0,0	Based on Story
13932	Deadly Goblins	The Creator	Low	PG		1,9,2,0,0	Combat Heavy, Short Scenario
13931	The Final Spire	Bain-Ihrno	Very High	PG		1,5,1,0,0	Linear, Pre-Fab Party, Short Scenario, Town Only
13930	New Life	James Wyatt	High	R		0,8,1,0,0
13929	Nightfall	Scott Evans	High	PG		0,14,3,0,0	Based on Book, No Custom Graphics, Open Ended Scenario
13925	Farmhands Save The Day!!	Measle	Low	PG		2,8,1,0,0	Crossover, Exile Universe, Humor Scenario
13916	Masks	Brett Bixler	Low	PG		1,9,2,0,0	Contest Winner, Custom Graphic Overhaul, Exile Universe
13917	Requelle's Nightmare	Mike Hnatushko	High	R		0,9,1,1,0	Exile Universe, Short Scenario
13900	The Election	Nick Jones	Low	PG		2,16,3,0,0	Pre-Fab Party, Puzzle Scenario, Town Only
13899	Rubacus	Leon Lin	High	PG		0,10,2,0,0	Large Scenario
13894	Areni	The Creator	Very High	G		0,12,3,0,0	Don't Fix the Shark Contest, Outdoors Only, Pre-Fab Party
13893	Truffle Days	Scott Evans	High	PG		1,11,3,0,0	Exile Universe, Humor Scenario, Linear
13892	Back to Normal	Measle	Low	PG		0,13,0,0,0	Humor Scenario
13886	Quintessence	Brett Bixler	Low	R		4,7,2,1,0	Custom Graphic Overhaul, Mature Scenario, Pre-Fab Party
13885	Adventurer's Club 2: Asylum	Shyguy	Medium	PG		2,5,0,0,0	No Combat, Puzzle Scenario, Second in Series
13882	A Small Rebellion	Jeff Vogel	Medium	PG		2,20,0,0,0	Exile Universe, Pre-Packaged Scenario
13881	Chains	Ryan Phelps	Low	R		1,9,0,0,0	Exile Universe, Pre-Fab Party, Puzzle Scenario, Second in Series
13875	Quests of the Spheres	Brett Bixler	High	PG		2,13,2,0,0	Exile Universe, Puzzle Scenario, Second in Series
13874	Bandits II: Ballad of the Red Star	Terror's Martyr	Very High	G		3,15,0,0,0	Combat Heavy, Epic, Fifth in Series, Exile Universe, Second in Series
13858	Nephil's Gambit	Tormod Stangeland	Low	G		6,17,1,0,0	Exile Universe, Linear
13866	Doom Moon II: Dragon's Revenge	Andres Gonzales	Very High	G		1,11,1,0,0	Combat Heavy, Epic, Puzzle Scenario
13867	Tatterdemalion	Tarl Kudrick	Very High	G		5,13,3,0,0	Contest Winner, Open Ended, Plot Fork
13857	Brotherhood of the Hand	Drizzt	High	R		1,14,0,0,0	Exile Universe, Second in Series
13670	Falling Stars	Alcritas	High	R		11,8,0,0,0	Alcritas Scenario, Contest Winner, Epic, Eighth in Series, Open Ended
13832	Revenge (Creator)	The Creator	Very High	R		3,9,0,0,0	Combat Heavy, Custom Graphic Land
13831	Nebulous Times Hence	Terror's Martyr	High	PG		3,13,0,0,0	Don't Fix the Shark Contest, Linear, Outdoors Only, Pre-Fab Party
13821	Adventurer's Club 3: Retribution	Shyguy	Very High	R		4,5,0,0,0
13816	Emulations	Stareye	Low	R		8,8,0,0,0	Avernum Universe, Mature Scenario, Pre-Fab Party
13799	Roots	Thuryl	Low	R		11,8,0,0,0	Mature Scenario, Plot Fork, Pre-Fab Party
13798	Shadow of the Stranger	Drizzt	High	PG		7,9,0,0,0	Exile Universe, Third in Series
13730	Spears	Stareye	Very High	R		3,10,0,0,0	Epic, Plot Fork, Second in Series
13611	The Adventurers Club 1: The Presence	Shyguy	Very High		1.0.3	2,9,4,1,0	Epic, First Scenario, First in Series, Open Ended
13669	An Apology	Alcritas	Low	R	1.0.3	15,5,2,0,0	Alcritas Scenario, Linear, Mature Scenario, Sixth in Series, Town Only
13668	Redemption	Alcritas	Very High	R		18,9,0,0,0	Alcritas Scenario, Contest Winner, Fifth in Series, Mature Scenario
13757	Tomorrow	Alcritas	Very High	R		7,11,0,0,0	Alcritas Scenario, Finale, Linear, Tenth in Series
