id	audit_rating	reason
3advclub	PG-13	One "shit"; flirtatious innuendo (a guild woman offering "company", a seductive singer) and a joke about 16–19-year-olds "undressing"; slaughterhouse, skinning and mutilation mentioned; drunkenness and a narcotic. Nothing graphic or explicit enough for R.
accounts	PG-13	One f-word ("…fucking kill you!") from an attacker, plus drunkards and a suicide warning. A single non-sexual f-word is the classic PG-13 line.
advclub	PG-13	"Shit-faced drunk", "You bitch!" twice, a torture reference, and prisoners' flesh "ripped off the carcasses… or chewed off". Stronger than PG.
aftrshok	PG	Fantasy violence (slain hydra, slaughtered deer in a carving), necromancy, mentions of sacrifice. Nothing graphic.
algiers	PG-13	One "son-of-a-bitch"; repeated slaughter and massacre of defenders by a monster; slavers and slavery are central. Matches the listing.
amazon	PG	A woman offered as a sacrifice to a forest monster; executions. Told without detail.
amovie	PG-13	A massacre described with "unhinged organs", "fingers leak blood… guts spew ichor". Short, but vivid gore.
apologia	PG-13	War and political violence (leaders butchered, executions, suicide); a severed head. No strong language or sexual content, so R looks high.
ark	PG-13	A girl on an altar impaled with a dagger in a ritual; one crude name ("shitman"); drinking. No sexual content at all, so NC-17 looks unfounded.
ashen	PG	Drunk knights and a passing line about human sacrifices.
asociety	G	Very little: a lich and a "literary necromancer". G is fair.
assault	PG-13	"Whoredom" in a character's speech, a seductive/intimate passage, demons that "impale you… and rip apart your carcass", executioners and suicide. Well past G.
asylum	PG	A clinical mention of "sexual contact" in world-building; executions and a hanging. PG fits.
atgallow	PG-13	Very long (212k words) with frequent torture, flaying, massacres and executions; a prisoner's "naked chest… whipped". No strong language or sex. Intense, but not graphic enough to need R. Borderline.
atua	PG-13	"Shit" ×4, "bitch" ×2, "whore"; brothels; a scantily clad woman posing "seductively"; slavery, drunkenness. Innuendo rather than sex, so PG-13 rather than R. Borderline.
avalon	PG	A joke about tourists who "slaughter humanoids", and a suicide mention. Mild, but a notch above G.
avondale	PG	Guards "decide to slaughter you"; refugees killed. Fantasy violence only.
azxq	R	Several f-words ("fuck" ×2, "fucking") and a "shit" in only 2,300 words of text, shouted at the party. Repeated f-words put it well above its PG listing.
babayaga	PG-13	A naked writhing Trog, "erotic" carvings, a gem pulled "from between her breasts"; infanticide, cannibalism, skinning, torture. More than PG.
backnorm	PG-13	Crude sexual humour: an ogre named "Nippletweaker" (9 times) and a "second base" joke; a decapitation. The humour pushes it past PG.
bandits	PG	A character smoking "some sort of drug"; a sacrificial altar with blood. Mild.
bandits2	PG-13	"Shit", "my lovely whore of a wife"; torture, flaying and genocide in an anarchist's speech; 49 milder oaths. Well past G.
bigail	PG	Brief mentions of torture and drugs.
bigailpa	G	A party maker: a few hundred words of setup, no content.
bigchick	PG	Silly chicken invasion, but with dead bodies "hanging everywhere" in a cave.
bizstrac	PG-13	A choice to "mutilate yourself, slashing yourself open and letting your steaming innards on the cold ground… dig your brain out"; entrails, torture, butchery. Played for dark humour but graphic.
black	PG-13	A reference to rape among "wartime goodies"; regiments butchered; a sacrifice. The rape reference alone is past PG.
bladeinn	R	"Fucking" ×2, "fuck", "fucked", "goddamn", "bitching" from friendly NPCs, plus drunkards and suicide. Repeated f-words; the G listing is far off.
burned	PG	A soldier "mutilated by goblin daggers… thrown in here to rot", starving kobold slaves. Grim, but brief.
cavehlpm	G	A party maker with no content.
caves	PG-13	One vivid torture victim: "all his fingers and toes are smashed, he is burned in all kinds of places, and he has no tongue."
chanface	PG-13	Soldiers who "do whatever they want" with harlots (implied assault), drug addiction and being "stoned", a demon that implodes so that "guts… and entrails fly everywhere", flaying.
chicplag	G	A chicken infestation; a single "slaughter". G is fair.
coolitem	PG	An item pack (169 words); an item named for torture. Too little text to judge. The listing is plausible.
crown	G	"Cock" appears twice without context (probably a rooster); babies. Otherwise mild. G is fair; the two uses are worth checking.
crsrent	PG	"Gruesome sacrifices" at a druid circle, described in a sentence.
crystal	PG	A dead knight covered in webs; a massacre avoided. PG fits.
curseone	PG	Sewer monsters, a goblin chief's carcass, an eyeball surfacing in filth.
dagger	G	Nothing of note.
de	PG	Almost no flagged content. PG is fair; G would be too.
deepone	PG	Getting "slightly drunk", brigands slaughtered by a dragon.
demon	PG	Fighting for demons: a tortured soul screaming, an insanity plea, a "suicide mission". Mild, but more than G.
demonisl	PG	Demons throughout, told lightly.
destiny	PG-13	A "mass rape" used as a metaphor for a psychic attack on the D'kar, a joke about the party being naked, and slavery central (50 mentions).
divine	PG-13	A "flayed messiah" kicked in the groin, javelins that "impale", executions and abuse in a religious conflict. Past G.
dmnptwo	PG	Demons, executions threatened, a mass sacrifice in backstory.
dollymission	PG	Addicts and drunkards, "dried blood and rotting flesh" in a laboratory.
doompart	G	A party maker with no content.
draglair	PG	Mutilated people returning from a cave; "stoned" (petrified).
dragpart	G	A party maker with no content.
dragreve	PG	A lich paid to kill anyone who wants to die (suicide ×6), drunkenness, torture of spirits, 53 mild oaths. Above G.
draining	PG	Threat of cannibalism, "slaughter the humans in their hundreds", children dying. Grim but not graphic.
dream	PG-13	31 people "slaughtered… while they slept", torture, genocide, sacrifices. Dark themes throughout, but no strong language or sex, so R looks high.
drgnlrds	PG	A child's joke ("I'm not old enough to do the sex thing yet"), dragons eating people, drinking. Mild.
dsphlpm	G	A party maker with no content of its own.
dukeraha	G	A book chapter titled "Everybody Must Get Stoned" and a butcher shop. Nothing more.
dwragna	PG-13	"Bitch" 12 times, aimed at a queen and a traitor; a statue "looking incredibly sexy"; a woman driven to kill herself. The repeated language is past PG.
echoes	R	"Shit" ×6 and "fucking" ×2 ("Filthy piece of shit, you!"), 47 milder oaths, decapitation. Repeated strong language well above its G listing.
election	R	A blackmail scene: a woman begs "I'll do anything. Just tell me what you want", and one typed answer is "fuck", after which she agrees, "seeing what she has been reduced to". Implied sexual coercion, plus "whorehouses" and "Sexual Deviancy". Well past its PG listing.
emulate	PG	Political violence: prisoners tortured for information, "slaughter of millions" in a war debate, the party wanted for murder. No strong language or sexual content, so R looks far too high.
encnter	PG-13	A mother tells how raiders "mutilated [her six-year-old son] right in front of my husband"; a suicide. Brief, but the child violence is past PG.
enormas	PG	Murals that "depict horrific murders and torture". A notch above G.
eye	PG	Mutilated people coming back from a cave. PG fits.
falling	R	Backstory of a child taken as payment and turned into a man's "whore" before she cut his throat; butchered civilians, torture, suicide (5). The child sexual-abuse theme supports R.
farmhand	PG	The one c-word is a hidden answer to a typed password prompt, which a player only sees if they type it. What shows is cockfighting, a drunken night waking up robbed, drug addiction and slapstick. R rests on hidden data.
fear	PG	One "shit" in 800 words. PG allows that much.
finalchc	PG	Chickens, tourists, a drunk. Mild.
fog	PG	A prince who "reveled in torture, maiming, and death", a massacre. Told as legend. A notch above G.
forsaken	PG	A dream of "butchering the townspeople, one by one"; blood that "gurgles" from an impaled monster. Borderline PG-13.
ftrain	G	A party maker with no content.
goblin	PG	Goblin-slaying; nothing of note beyond that.
goblins	PG	A (censored) book of torture methods, dismemberment, a hangover. Slightly more than G.
gobs	PG	Kobolds enslaved by goblins; gold sacrificed in pits.
goodevil	PG	War and revolution: "a beautiful slaughter", butchery, human sacrifice, suicide. Grim but not graphic. Borderline PG-13.
gramoon	PG	Undead slaughtered. PG fits.
grenmdws	PG-13	A prostitute, a "sexy" shape behind a counter, a "lady undressed in bed". A suggestive situation, not explicit, so R looks high. Borderline.
grinch	PG	Slapstick violence: a bear beaten with its own decapitated limbs.
hkeep	PG-13	A prisoner's journal: orcs "blinded my one eye with searing"; torture (7), mutilation, a concubine. Past PG.
icetunel	PG	Nothing of note. PG or G.
ilyanon	PG-13	A murder mystery: demons "torture him to death", victims with fingers "cut off and other unpleasant things".
jedi	PG	Cells full of "skeletons and rotting carcasses". Star Wars fan fiction; mild.
johnny	R	Labelled "Adults Only" by its author. "Shit" ×3 and an f-word; a woman "completely naked", scrubbing her skin until it bleeds; drugs; a massacre. R fits.
justice	PG	Soldiers who "torched village after village, slaughtered homestead after homestead" (ethnic violence, told briefly).
kurnis	PG	A comic "stark naked" fight and a "sexagenarian" joke with a nudge. Innuendo, but mild.
labyrinth	PG	Dead travellers, butchery, a suicide mention. Slightly more than G.
leaving	PG	Skinning a beast, necromancy experiments, a suicide battle. PG fits.
legerika	PG	A character's confession to killing "babies, old ladies, people who happen to walk by". Dark in one line.
lhope	G	Nothing of note. G fits.
liber	PG	Slavery is the premise (35 mentions); one "shitty"; drugs. More than G.
loscitar	G	Nothing flagged. G fits.
lost	PG	Nothing of note. PG or G.
magsix	PG-13	Bodies "flayed and with internal organs removed" by magical experiments; massacres of villages; drugging.
masks	PG-13	A companion's story of bandits who "attempted to rape her"; "the weaker sex" resentment; drugging. (This is also the scenario whose data reads as garbage.)
mendor	PG-13	A brothel as a pirate front (5 mentions), "Nude Lobbyists" in a headline, slavers. The brothel is past PG.
micah	G	Nothing of note. G fits.
mission	G	Nothing of note. G fits.
moondoom	PG	Villains threatening to "torture your souls forever", suicide. Stock villainy.
mountq	PG	One "you'll be slaughtered". PG fits; G would too.
nations	PG	Getting "drunk" on "nice water". Mild.
nephgamb	PG	Sliths "butchering the rest of the garrison", massacres, sacrifice. More than G.
nephpor	PG	Nothing flagged. PG or G.
nettle	PG	Torture in a prison mentioned in passing, a suicide. PG fits.
newlife	PG-13	"Shit" ×2, a "SLUTS" graffiti gag, half-naked cultists "dripping with acid", decapitation, torture. Crude, not explicit, so R looks high.
nightmar24	PG	A dream merchant selling eyeballs; a hangover. Surreal, mild.
nitefall	PG	A torture chamber (branding irons, shackles) described in passing; comic butchery of a cow.
nlmaker	G	A party maker for New Life with no content; it inherited New Life's R.
obridab	PG	A drunk; a joke in bed. G would also fit.
odessa	PG	Ogres keeping goblins "for torture and fun"; drying wolf carcasses. PG fits.
ogreterr	G	Nothing beyond one stock line about mutilated people. G fits.
omintide	PG	Comrades massacred by a warband, told in a sentence. A notch above G.
orbhauyn	PG	A sign threatening to "clean up your guts, brains and assorted organs", single-sex dormitory jokes, drinking. PG fits.
otrain	G	A party maker with no content; it inherited The Brotherhood of the Hand's R.
outland	PG-13	An assassins' guild story: severed limbs (3), torture, sacrifice, suicide. No strong language or sex, so R looks high, but it is grim throughout.
past	PG-13	A murder mystery: threats to "torture the truth outta him", a maid tortured into a false accusation, undead fought with butcher knives, drinking. Dark, not graphic, so R looks high.
plgvscyc	G	Lives sacrificed in a war, told abstractly. G fits.
power	PG	Drinking in an inn; "mass slaughter" in passing. PG fits.
prologue	PG	A dragon that "slaughtered every single one of the soldiers", a tortured captive. More than G.
promise	R	A prostitute who "exposes her breasts to you" when you can't pay; "the already naked Sasha on the bed… to show you a 'good time'". Nudity and a sexual situation. R fits.
pyramids	PG-13	The party ordered to mutilate dead bodies in a tribal feud, dismembered corpses, a necropolis. Past PG.
queshlpm	G	A party maker with no content.
questorb	G	13,000 words and nothing flagged. G would fit as well as its PG.
quests	PG	Creatures tearing at a carcass, a knife in a decayed breastbone, torture mentioned. PG fits.
quick	R	"Bitch" ×2, "bitches", "shit", "fucking"; a riddle warning you'll "by fire and demons be brutally raped"; concubines; torture (14 mentions). R fits.
quint	PG-13	A woman found "nearly naked and bleeding" after an attack you avenge in a stabbing rage; cannibals (6); entrails, drugging, an addict. Borderline R.
realmdrg	PG	Dragon Knights "slaughtering the staff", fresh blood on the walls. PG fits.
redem	PG-13	A corpse "butchered, gutted… little left but a torso… the savages have been consuming the corpse"; a joke about "sex craved maniacs"; dismemberment, suicide. Vivid, but no strong language, so R looks high.
riveleaf	PG	An impaled target dummy, a drunk telling you to go drown. More than G, barely.
rscprin	G	Under 900 words, nothing flagged.
rtrain	G	A party maker with no content.
rubacus	PG	Mild throughout: a dragon who "slaughtered dozens", sacrifices, drinking. PG fits.
season	PG	A book on human sacrifice to a dragon demigod, a cult's vorpal dagger. More than G.
sesame	R	"Fuck" ×4, "slut" ×2, "bitch"; heavy drinking (12), narcotics, disembowelling. R fits.
sf	PG	A murder mystery with drugs taught "for a price" and a prisoner awaiting sacrifice to an idol. More than G.
shadow	PG-13	"Whores", "whorehouse" (2), one "fucked"; drug addiction, being "stoned". Crude rather than explicit. Borderline R.
sighmtn	PG-13	"Impaled bodies of innocents", a girl "slowly tortured… to death", slavery throughout, suicide (4), a concubine. Past PG.
silverb	G	3,000 words and nothing flagged.
slavers	PG	Slavery is the subject (80 mentions), treated as an investigation; torture mentioned. PG fits.
slug	PG	A pirate tale: a painting of a woman "dismembering an ogre with her bare hands", slaughter, drinking. More than G.
solstel	PG	A disembowelling, sacrifices, a joke about walking around naked. PG fits.
spears	PG-13	Very long (112k words): torture, skinning (6), entrails, genocide, slavery, suicide, a naked corpse. No strong language or sex, so R looks high. Borderline.
spheres	G	Goblin sacrifices on an altar, drugged captives. Mild. G fits.
spider	PG	Giants joking about cannibalism. PG fits.
spyquest	PG-13	Failure endings where the party is "brutalized and eventually killed after hours of endless torture" or kills itself under torture. Past PG.
sq	PG	A drunk, a man "on drugs", a woman who escaped an abusive husband. PG fits.
strengthms	PG	Nothing of note. PG or G.
sulfras	PG-13	Two rooms in an ogre lair are labelled "Have sex with me" and "Fuck me", and the game shows area names as you walk in; a leech that "chomps into the back of his head… his eyeballs roll upward"; heaps of carcasses. Crude, not explicit.
tatter	PG	Addiction, a "dissolved" corpse, a monster that "slaughters at random". PG fits.
tdt	G	Nothing of note. G fits.
terror	PG	A torture chamber (4 mentions) and a brothel mentioned without detail. More than G.
tfoolgnt	G	A fairy tale; a giant who wants to enslave a village. G fits.
thenotes	PG	A monster that "tore the people in the Inn to shreds". More than G.
trainer	G	A party maker with no content.
truffle	PG	A woman's "seductive" voice, tortured souls played for comedy. PG fits.
truflmkr	G	A party maker with no content.
uganta	G	Only 147 words of text. Too little to rate higher.
ultpower	PG	A bad ending where you become a slave and commit suicide at 42. Brief.
undead	PG	Nothing flagged. PG or G.
under103	PG	Drinking, executions in backstory. PG fits.
valetian	PG	Nothing flagged. PG or G.
vlad	PG	Nothing flagged. PG or G.
vladsred	PG	One "shite", a scribe "almost naked (she must be freezing)", torture (4). PG fits; borderline PG-13.
wallfall	PG	Drinking; a character named "Drugal". PG fits.
wandband	PG	"Damn, it was just a baby", about a Nephil baby put on show; a mild oath. More than G, barely.
waters	PG	Pirates and mad cows. PG fits.
wheehlpm	G	A party maker with no content.
wheel	PG	A captive in a cave: "They've been torturing me." Otherwise mild. PG fits.
wormwood	PG	Entrails (3), torture, skinning, a comic "Bob the Impaler". Borderline PG-13.
zmistake	PG	Comedy: a villain who "skinned [99 dalmatian puppies] and made the fur into coats", a tour that lets you "watch in on a real live torture". Played for laughs. PG fits.
